ep_name,oid,o_ra,o_dec,separation (arcsec),firstmjd,dt,link,ep_link,fxt_name,pipeline
2RXS J050300.5+811622,ZTF25acalcyq,75.4413897,81.0265146,2.1407154389677756,60974.36445599981,18.108564796100836,https://alerce.online/object/ZTF25acalcyq,https://ep.bao.ac.cn/ep/data_center/fxt_src_detail/880279,EPF_J050146.4+810133,FXT-ZTF
2RXS J050300.5+811622,ZTF25acalcyq,75.4413897,81.0265146,6.170828163166746,60974.36445599981,18.25537035166053,https://alerce.online/object/ZTF25acalcyq,https://ep.bao.ac.cn/ep/data_center/fxt_src_detail/880102,EPF_J050141.8+810134,FXT-ZTF
2RXS J050300.5+811622,ZTF25acalcyq,75.4413897,81.0265146,6.739263430214954,60974.36445599981,14.421249981285655,https://alerce.online/object/ZTF25acalcyq,https://ep.bao.ac.cn/ep/data_center/fxt_src_detail/887505,EPF_J050143.7+810140,FXT-ZTF
2RXS J050300.5+811622,ZTF25acalcyq,75.4413897,81.0265146,8.381705320584741,60974.36445599981,12.69113424054376,https://alerce.online/object/ZTF25acalcyq,https://ep.bao.ac.cn/ep/data_center/fxt_src_detail/890215,EPF_J050142.4+810134,FXT-ZTF
2RXS J050300.5+811622,ZTF25acalcyq,75.4413897,81.0265146,18.494162004056808,60974.36445599981,17.19945599980565,https://alerce.online/object/ZTF25acalcyq,https://ep.bao.ac.cn/ep/data_center/fxt_src_detail/881936,EPF_J050145.2+810117,FXT-ZTF
2RXS J101332.0-050514,ZTF25acivvkg,153.6776614,-4.9463754,6.5936700495775655,61027.44118059985,13.629247729484632,https://alerce.online/object/ZTF25acivvkg,https://ep.bao.ac.cn/ep/data_center/fxt_src_detail/964942,EPF_J101442.2-045649,FXT-ZTF
2RXS J101332.0-050514,ZTF25acivvkg,153.6776614,-4.9463754,9.660719737486012,61027.44118059985,6.982546340594126,https://alerce.online/object/ZTF25acivvkg,https://ep.bao.ac.cn/ep/data_center/fxt_src_detail/976188,EPF_J101442.5-045656,FXT-ZTF
2RXS J101332.0-050514,ZTF25acivvkg,153.6776614,-4.9463754,9.831323676492643,61027.44118059985,0.9914352294799755,https://alerce.online/object/ZTF25acivvkg,https://ep.bao.ac.cn/ep/data_center/fxt_src_detail/986062,EPF_J101443.0-045655,FXT-ZTF
2RXS J173018.4+220205,ZTF23aaltvrn,262.3418369000049,21.967464550000003,11.571561243799716,60932.15328700002,27.96108792594896,https://alerce.online/object/ZTF23aaltvrn,https://ep.bao.ac.cn/ep/data_center/fxt_src_detail/794652,EPF_J172922.2+215814,FXT-ZTF
3I/ATLAS,ZTF22abwtvip,165.37817406060296,5.494632042901365,6.723570640670463,61027.414513899945,2.1849189925342216,https://alerce.online/object/ZTF22abwtvip,https://ep.bao.ac.cn/ep/data_center/fxt_src_detail/984899,EPF_J110131.1+052937,FXT-ZTF
3I/ATLAS,ZTF22abwtvip,165.37817406060296,5.494632042901365,15.635769737770557,61027.414513899945,2.1975810295771225,https://alerce.online/object/ZTF22abwtvip,https://ep.bao.ac.cn/ep/data_center/fxt_src_detail/984866,EPF_J110130.1+052952,FXT-ZTF
A2566,AT 2025adqg,349.0215124999999,-20.46433611111111,4.440275761467919,60993.04604,-2.5633928703682614,https://www.wis-tns.org/object/2025adqg,https://ep.bao.ac.cn/ep/data_center/fxt_src_detail/941389,EPF_J231605.2-202745,FXT-TNS
A2566,AT 2025adqg,349.0215124999999,-20.46433611111111,9.823844584136712,60993.04604,-2.7378373148167157,https://www.wis-tns.org/object/2025adqg,https://ep.bao.ac.cn/ep/data_center/fxt_src_detail/941656,EPF_J231605.0-202754,FXT-TNS
A2566,AT2025adqg,349.02151218607,-20.464335252289,4.437015711957388,60993.04604,-2.5633928703682614,https://www.wis-tns.org/object/2025adqg,https://ep.bao.ac.cn/ep/data_center/fxt_src_detail/941389,EPF_J231605.2-202745,FXT-TNS
A2566,AT2025adqg,349.02151218607,-20.464335252289,9.820765562776156,60993.04604,-2.7378373148167157,https://www.wis-tns.org/object/2025adqg,https://ep.bao.ac.cn/ep/data_center/fxt_src_detail/941656,EPF_J231605.0-202754,FXT-TNS
AT 2022upj,ZTF22abegjtx,5.986795099999999,-14.423046099999999,3.82689969206844,61025.15415510023,5.488217600228381,https://lasair-ztf.lsst.ac.uk/objects/ZTF22abegjtx,https://ep.bao.ac.cn/ep/data_center/fxt_src_detail/974806,EPF_J002357.2-142522,FXT-ZTF
AT 2022upj,ZTF22abegjtx,5.986795099999999,-14.423046099999999,3.82689969206844,61025.15415510023,5.509247692825738,https://lasair-ztf.lsst.ac.uk/objects/ZTF22abegjtx,https://ep.bao.ac.cn/ep/data_center/fxt_src_detail/974722,EPF_J002356.8-142519,FXT-ZTF
AT 2022upj,ZTF22abegjtx,5.9868058,-14.423000949999999,5.951032096187354,61025.15415510023,5.488206026158878,https://lasair-ztf.lsst.ac.uk/objects/ZTF22abegjtx,https://ep.bao.ac.cn/ep/data_center/fxt_src_detail/974811,EPF_J002357.2-142522,FXT-ZTF
AT 2022upj,ZTF22abegjtx,5.9868058,-14.423000949999999,5.951032096187354,61025.15415510023,5.509236118748959,https://lasair-ztf.lsst.ac.uk/objects/ZTF22abegjtx,https://ep.bao.ac.cn/ep/data_center/fxt_src_detail/974728,EPF_J002356.8-142519,FXT-ZTF
AT2022upj,ZTF22abegjtx,5.986795099999999,-14.423046099999999,1.5064962964671365,61025.15415510023,14.44464121133933,https://lasair-ztf.lsst.ac.uk/objects/ZTF22abegjtx,https://ep.bao.ac.cn/ep/data_center/fxt_src_detail/961637,EPF_J002357.1-142519,FXT-ZTF
AT2022upj,ZTF22abegjtx,5.986795099999999,-14.423046099999999,2.259703288409012,61025.15415510023,10.972233803935524,https://lasair-ztf.lsst.ac.uk/objects/ZTF22abegjtx,https://ep.bao.ac.cn/ep/data_center/fxt_src_detail/965467,EPF_J002356.9-142525,FXT-ZTF
AT2022upj,ZTF22abegjtx,5.986795099999999,-14.423046099999999,2.382282134757547,61025.15415510023,14.404004637268372,https://lasair-ztf.lsst.ac.uk/objects/ZTF22abegjtx,https://ep.bao.ac.cn/ep/data_center/fxt_src_detail/961738,EPF_J002356.8-142520,FXT-ZTF
AT2022upj,ZTF22abegjtx,5.986795099999999,-14.423046099999999,2.4331968890333737,61025.15415510023,17.709930563192756,https://lasair-ztf.lsst.ac.uk/objects/ZTF22abegjtx,https://ep.bao.ac.cn/ep/data_center/fxt_src_detail/957969,EPF_J002356.7-142515,FXT-ZTF
AT2022upj,ZTF22abegjtx,5.986795099999999,-14.423046099999999,2.9428453915530137,61025.15415510023,10.978668989118887,https://lasair-ztf.lsst.ac.uk/objects/ZTF22abegjtx,https://ep.bao.ac.cn/ep/data_center/fxt_src_detail/965387,EPF_J002357.0-142522,FXT-ZTF
AT2022upj,ZTF22abegjtx,5.986795099999999,-14.423046099999999,3.277005695582954,61025.15415510023,15.589606489120342,https://lasair-ztf.lsst.ac.uk/objects/ZTF22abegjtx,https://ep.bao.ac.cn/ep/data_center/fxt_src_detail/961006,EPF_J002356.7-142528,FXT-ZTF
AT2022upj,ZTF22abegjtx,5.986795099999999,-14.423046099999999,3.4264300961165626,61025.15415510023,2.0166782483793213,https://lasair-ztf.lsst.ac.uk/objects/ZTF22abegjtx,https://ep.bao.ac.cn/ep/data_center/fxt_src_detail/980845,EPF_J002356.8-142521,FXT-ZTF
AT2022upj,ZTF22abegjtx,5.986795099999999,-14.423046099999999,3.587836817700407,61025.15415510023,22.002662044673343,https://lasair-ztf.lsst.ac.uk/objects/ZTF22abegjtx,https://ep.bao.ac.cn/ep/data_center/fxt_src_detail/951907,EPF_J002357.3-142524,FXT-ZTF
AT2022upj,ZTF22abegjtx,5.986795099999999,-14.423046099999999,3.6629068214723945,61025.15415510023,14.127199081711296,https://lasair-ztf.lsst.ac.uk/objects/ZTF22abegjtx,https://ep.bao.ac.cn/ep/data_center/fxt_src_detail/962043,EPF_J002357.4-142526,FXT-ZTF
AT2022upj,ZTF22abegjtx,5.986795099999999,-14.423046099999999,4.205413160427962,61025.15415510023,2.113645840967365,https://lasair-ztf.lsst.ac.uk/objects/ZTF22abegjtx,https://ep.bao.ac.cn/ep/data_center/fxt_src_detail/980722,EPF_J002356.7-142525,FXT-ZTF
AT2022upj,ZTF22abegjtx,5.986795099999999,-14.423046099999999,4.514587277898363,61025.15415510023,19.071030100232747,https://lasair-ztf.lsst.ac.uk/objects/ZTF22abegjtx,https://ep.bao.ac.cn/ep/data_center/fxt_src_detail/955882,EPF_J002357.1-142525,FXT-ZTF
AT2022upj,ZTF22abegjtx,5.986795099999999,-14.423046099999999,4.514587277898363,61025.15415510023,19.64155093356385,https://lasair-ztf.lsst.ac.uk/objects/ZTF22abegjtx,https://ep.bao.ac.cn/ep/data_center/fxt_src_detail/955041,EPF_J002356.8-142523,FXT-ZTF
AT2022upj,ZTF22abegjtx,5.986795099999999,-14.423046099999999,4.63752272239895,61025.15415510023,14.109525470601511,https://lasair-ztf.lsst.ac.uk/objects/ZTF22abegjtx,https://ep.bao.ac.cn/ep/data_center/fxt_src_detail/962135,EPF_J002356.9-142522,FXT-ZTF
AT2022upj,ZTF22abegjtx,5.986795099999999,-14.423046099999999,4.63752272239895,61025.15415510023,14.193645840969111,https://lasair-ztf.lsst.ac.uk/objects/ZTF22abegjtx,https://ep.bao.ac.cn/ep/data_center/fxt_src_detail/961903,EPF_J002356.9-142528,FXT-ZTF
AT2022upj,ZTF22abegjtx,5.986795099999999,-14.423046099999999,5.7694163901780335,61025.15415510023,14.355752322451735,https://lasair-ztf.lsst.ac.uk/objects/ZTF22abegjtx,https://ep.bao.ac.cn/ep/data_center/fxt_src_detail/961790,EPF_J002357.0-142521,FXT-ZTF
AT2022upj,ZTF22abegjtx,5.986795099999999,-14.423046099999999,7.6052351747166,61025.15415510023,17.44564815578633,https://lasair-ztf.lsst.ac.uk/objects/ZTF22abegjtx,https://ep.bao.ac.cn/ep/data_center/fxt_src_detail/958029,EPF_J002356.5-142526,FXT-ZTF
AT2022upj,ZTF22abegjtx,5.986795099999999,-14.423046099999999,8.615942955733333,61025.15415510023,26.18380787800561,https://lasair-ztf.lsst.ac.uk/objects/ZTF22abegjtx,https://ep.bao.ac.cn/ep/data_center/fxt_src_detail/945403,EPF_J002357.3-142527,FXT-ZTF
AT2022upj,ZTF22abegjtx,5.986795099999999,-14.423046099999999,8.786786767926536,61025.15415510023,17.737361118750414,https://lasair-ztf.lsst.ac.uk/objects/ZTF22abegjtx,https://ep.bao.ac.cn/ep/data_center/fxt_src_detail/957929,EPF_J002356.9-142521,FXT-ZTF
AT2022upj,ZTF22abegjtx,5.986795099999999,-14.423046099999999,9.492567837110334,61025.15415510023,15.731273155783128,https://lasair-ztf.lsst.ac.uk/objects/ZTF22abegjtx,https://ep.bao.ac.cn/ep/data_center/fxt_src_detail/960646,EPF_J002357.4-142523,FXT-ZTF
AT2022upj,ZTF22abegjtx,5.986795099999999,-14.423046099999999,11.524294994118295,61025.15415510023,14.462199081710423,https://lasair-ztf.lsst.ac.uk/objects/ZTF22abegjtx,https://ep.bao.ac.cn/ep/data_center/fxt_src_detail/961549,EPF_J002357.1-142529,FXT-ZTF
AT2022upj,ZTF22abegjtx,5.9868058,-14.423000949999999,0.48478536778953923,61025.15415510023,19.641516211340786,https://lasair-ztf.lsst.ac.uk/objects/ZTF22abegjtx,https://ep.bao.ac.cn/ep/data_center/fxt_src_detail/955053,EPF_J002356.8-142523,FXT-ZTF
AT2022upj,ZTF22abegjtx,5.9868058,-14.423000949999999,1.5531570826097385,61025.15415510023,14.109398155786039,https://lasair-ztf.lsst.ac.uk/objects/ZTF22abegjtx,https://ep.bao.ac.cn/ep/data_center/fxt_src_detail/962153,EPF_J002356.9-142522,FXT-ZTF
AT2022upj,ZTF22abegjtx,5.9868058,-14.423000949999999,1.5531570826097385,61025.15415510023,14.193634266899608,https://lasair-ztf.lsst.ac.uk/objects/ZTF22abegjtx,https://ep.bao.ac.cn/ep/data_center/fxt_src_detail/961909,EPF_J002356.9-142528,FXT-ZTF
AT2022upj,ZTF22abegjtx,5.9868058,-14.423000949999999,1.6119278321519734,61025.15415510023,10.97221065578924,https://lasair-ztf.lsst.ac.uk/objects/ZTF22abegjtx,https://ep.bao.ac.cn/ep/data_center/fxt_src_detail/965485,EPF_J002356.9-142525,FXT-ZTF
AT2022upj,ZTF22abegjtx,5.9868058,-14.423000949999999,1.8407589281945251,61025.15415510023,2.0166782483793213,https://lasair-ztf.lsst.ac.uk/objects/ZTF22abegjtx,https://ep.bao.ac.cn/ep/data_center/fxt_src_detail/980846,EPF_J002356.8-142521,FXT-ZTF
AT2022upj,ZTF22abegjtx,5.9868058,-14.423000949999999,2.2668993793711367,61025.15415510023,17.737349544673634,https://lasair-ztf.lsst.ac.uk/objects/ZTF22abegjtx,https://ep.bao.ac.cn/ep/data_center/fxt_src_detail/957936,EPF_J002356.9-142521,FXT-ZTF
AT2022upj,ZTF22abegjtx,5.9868058,-14.423000949999999,2.4118741966259427,61025.15415510023,14.403993063191592,https://lasair-ztf.lsst.ac.uk/objects/ZTF22abegjtx,https://ep.bao.ac.cn/ep/data_center/fxt_src_detail/961751,EPF_J002356.8-142520,FXT-ZTF
AT2022upj,ZTF22abegjtx,5.9868058,-14.423000949999999,2.4474883492769424,61025.15415510023,26.183796303936106,https://lasair-ztf.lsst.ac.uk/objects/ZTF22abegjtx,https://ep.bao.ac.cn/ep/data_center/fxt_src_detail/945408,EPF_J002357.3-142527,FXT-ZTF
AT2022upj,ZTF22abegjtx,5.9868058,-14.423000949999999,2.765734663535118,61025.15415510023,14.355729174305452,https://lasair-ztf.lsst.ac.uk/objects/ZTF22abegjtx,https://ep.bao.ac.cn/ep/data_center/fxt_src_detail/961804,EPF_J002357.0-142521,FXT-ZTF
AT2022upj,ZTF22abegjtx,5.9868058,-14.423000949999999,2.772877451108783,61025.15415510023,2.113541674305452,https://lasair-ztf.lsst.ac.uk/objects/ZTF22abegjtx,https://ep.bao.ac.cn/ep/data_center/fxt_src_detail/980728,EPF_J002356.7-142525,FXT-ZTF
AT2022upj,ZTF22abegjtx,5.9868058,-14.423000949999999,3.1194813310534055,61025.15415510023,2.1009027854161104,https://lasair-ztf.lsst.ac.uk/objects/ZTF22abegjtx,https://ep.bao.ac.cn/ep/data_center/fxt_src_detail/980758,EPF_J002357.0-142524,FXT-ZTF
AT2022upj,ZTF22abegjtx,5.9868058,-14.423000949999999,3.5396094421623907,61025.15415510023,19.071018526155967,https://lasair-ztf.lsst.ac.uk/objects/ZTF22abegjtx,https://ep.bao.ac.cn/ep/data_center/fxt_src_detail/955892,EPF_J002357.1-142525,FXT-ZTF
AT2022upj,ZTF22abegjtx,5.9868058,-14.423000949999999,4.420933792192406,61025.15415510023,22.015625007639755,https://lasair-ztf.lsst.ac.uk/objects/ZTF22abegjtx,https://ep.bao.ac.cn/ep/data_center/fxt_src_detail/951794,EPF_J002356.6-142521,FXT-ZTF
AT2022upj,ZTF22abegjtx,5.9868058,-14.423000949999999,4.420933792192406,61025.15415510023,25.622407415045018,https://lasair-ztf.lsst.ac.uk/objects/ZTF22abegjtx,https://ep.bao.ac.cn/ep/data_center/fxt_src_detail/946600,EPF_J002357.5-142525,FXT-ZTF
AT2022upj,ZTF22abegjtx,5.9868058,-14.423000949999999,4.7649246482267085,61025.15415510023,14.44464121133933,https://lasair-ztf.lsst.ac.uk/objects/ZTF22abegjtx,https://ep.bao.ac.cn/ep/data_center/fxt_src_detail/961638,EPF_J002357.1-142519,FXT-ZTF
AT2022upj,ZTF22abegjtx,5.9868058,-14.423000949999999,4.892463654278467,61025.15415510023,14.4189004705986,https://lasair-ztf.lsst.ac.uk/objects/ZTF22abegjtx,https://ep.bao.ac.cn/ep/data_center/fxt_src_detail/961696,EPF_J002356.8-142529,FXT-ZTF
AT2022upj,ZTF22abegjtx,5.9868058,-14.423000949999999,5.068766678686686,61025.15415510023,-1.999282399767253,https://lasair-ztf.lsst.ac.uk/objects/ZTF22abegjtx,https://ep.bao.ac.cn/ep/data_center/fxt_src_detail/987062,EPF_J002357.2-142524,FXT-ZTF
AT2022upj,ZTF22abegjtx,5.9868058,-14.423000949999999,5.094001373943467,61025.15415510023,17.445613433563267,https://lasair-ztf.lsst.ac.uk/objects/ZTF22abegjtx,https://ep.bao.ac.cn/ep/data_center/fxt_src_detail/958043,EPF_J002356.5-142526,FXT-ZTF
AT2022upj,ZTF22abegjtx,5.9868058,-14.423000949999999,5.537049394677983,61025.15415510023,10.97861111874954,https://lasair-ztf.lsst.ac.uk/objects/ZTF22abegjtx,https://ep.bao.ac.cn/ep/data_center/fxt_src_detail/965398,EPF_J002357.0-142522,FXT-ZTF
AT2022upj,ZTF22abegjtx,5.9868058,-14.423000949999999,5.605123890991051,61025.15415510023,15.604768526158296,https://lasair-ztf.lsst.ac.uk/objects/ZTF22abegjtx,https://ep.bao.ac.cn/ep/data_center/fxt_src_detail/960875,EPF_J002356.5-142530,FXT-ZTF
AT2022upj,ZTF22abegjtx,5.9868058,-14.423000949999999,6.260487606718899,61025.15415510023,15.589583340974059,https://lasair-ztf.lsst.ac.uk/objects/ZTF22abegjtx,https://ep.bao.ac.cn/ep/data_center/fxt_src_detail/961019,EPF_J002356.7-142528,FXT-ZTF
AT2022upj,ZTF22abegjtx,5.9868058,-14.423000949999999,7.099711426725938,61025.15415510023,22.002662044673343,https://lasair-ztf.lsst.ac.uk/objects/ZTF22abegjtx,https://ep.bao.ac.cn/ep/data_center/fxt_src_detail/951908,EPF_J002357.3-142524,FXT-ZTF
AT2022upj,ZTF22abegjtx,5.9868058,-14.423000949999999,7.34583897900798,61025.15415510023,14.462199081710423,https://lasair-ztf.lsst.ac.uk/objects/ZTF22abegjtx,https://ep.bao.ac.cn/ep/data_center/fxt_src_detail/961550,EPF_J002357.1-142529,FXT-ZTF
AT2022upj,ZTF22abegjtx,5.9868058,-14.423000949999999,7.558563779029749,61025.15415510023,17.43092593356414,https://lasair-ztf.lsst.ac.uk/objects/ZTF22abegjtx,https://ep.bao.ac.cn/ep/data_center/fxt_src_detail/958112,EPF_J002356.3-142525,FXT-ZTF
AT2022upj,ZTF22abegjtx,5.9868058,-14.423000949999999,7.564426618120537,61025.15415510023,18.626574081710714,https://lasair-ztf.lsst.ac.uk/objects/ZTF22abegjtx,https://ep.bao.ac.cn/ep/data_center/fxt_src_detail/956907,EPF_J002356.3-142520,FXT-ZTF
AT2022upj,ZTF22abegjtx,5.9868058,-14.423000949999999,8.101919754818473,61025.15415510023,18.611770840972895,https://lasair-ztf.lsst.ac.uk/objects/ZTF22abegjtx,https://ep.bao.ac.cn/ep/data_center/fxt_src_detail/956945,EPF_J002356.9-142531,FXT-ZTF
AT2022upj,ZTF22abegjtx,5.9868058,-14.423000949999999,8.173098138906205,61025.15415510023,14.12715278541873,https://lasair-ztf.lsst.ac.uk/objects/ZTF22abegjtx,https://ep.bao.ac.cn/ep/data_center/fxt_src_detail/962053,EPF_J002357.4-142526,FXT-ZTF
AT2022upj,ZTF22abegjtx,5.9868058,-14.423000949999999,8.641217777616857,61025.15415510023,17.709918989115977,https://lasair-ztf.lsst.ac.uk/objects/ZTF22abegjtx,https://ep.bao.ac.cn/ep/data_center/fxt_src_detail/957975,EPF_J002356.7-142515,FXT-ZTF
AT2022upj,ZTF22abegjtx,5.9868058,-14.423000949999999,8.696127996759754,61025.15415510023,15.710092600231292,https://lasair-ztf.lsst.ac.uk/objects/ZTF22abegjtx,https://ep.bao.ac.cn/ep/data_center/fxt_src_detail/960692,EPF_J002356.2-142527,FXT-ZTF
AT2022upj,ZTF22abegjtx,5.9868058,-14.423000949999999,8.696127996759754,61025.15415510023,15.731238433560065,https://lasair-ztf.lsst.ac.uk/objects/ZTF22abegjtx,https://ep.bao.ac.cn/ep/data_center/fxt_src_detail/960653,EPF_J002357.4-142523,FXT-ZTF
AT2022upj,ZTF22abegjtx,5.9868058,-14.423000949999999,10.759707283235517,61025.15415510023,-1.9823032331041759,https://lasair-ztf.lsst.ac.uk/objects/ZTF22abegjtx,https://ep.bao.ac.cn/ep/data_center/fxt_src_detail/986930,EPF_J002358.2-142525,FXT-ZTF
AT2022upj,ZTF22abegjtx,5.9868058,-14.423000949999999,10.759707283235517,61025.15415510023,2.1832523224511533,https://lasair-ztf.lsst.ac.uk/objects/ZTF22abegjtx,https://ep.bao.ac.cn/ep/data_center/fxt_src_detail/980516,EPF_J002357.4-142530,FXT-ZTF
CD-28 1030,ZTF25abtskoz,47.335584968839235,-27.94172623,10.048868887321756,60935.417627300136,28.563692114948935,https://alerce.online/object/ZTF25abtskoz,https://ep.bao.ac.cn/ep/data_center/fxt_src_detail/798825,EPF_J030921.1-275638,FXT-ZTF
DES14C1kia,ZTF18acuavde,54.02303012,-26.6076938,0.4194165977067987,60930.460243099835,15.232025507240905,https://lasair-ztf.lsst.ac.uk/objects/ZTF18acuavde,https://ep.bao.ac.cn/ep/data_center/fxt_src_detail/808914,EPF_J033605.5-263619,FXT-ZTF
DES14C1kia,ZTF18acuavde,54.02303012,-26.6076938,2.4272555889377254,60930.460243099835,10.323344951684703,https://lasair-ztf.lsst.ac.uk/objects/ZTF18acuavde,https://ep.bao.ac.cn/ep/data_center/fxt_src_detail/817320,EPF_J033605.6-263624,FXT-ZTF
DES14C1kia,ZTF18acuavde,54.02303012,-26.6076938,4.831659244171682,60930.460243099835,10.154490785018425,https://lasair-ztf.lsst.ac.uk/objects/ZTF18acuavde,https://ep.bao.ac.cn/ep/data_center/fxt_src_detail/817819,EPF_J033605.7-263624,FXT-ZTF
DES14C1kia,ZTF18acuavde,54.02303012,-26.6076938,5.423186614281451,60930.460243099835,9.190706062800018,https://lasair-ztf.lsst.ac.uk/objects/ZTF18acuavde,https://ep.bao.ac.cn/ep/data_center/fxt_src_detail/819586,EPF_J033605.5-263628,FXT-ZTF
EP240801a,SN 2024aihh,345.16257916666666,32.59366666666667,2.9722774309020172,60523.46270833333,-5.676805555558531,https://www.wis-tns.org/object/2024aihh,https://ep.bao.ac.cn/ep/data_center/fxt_src_detail/248026,EPF_J230038.8+323537,FXT-TNS
EP240801a,SN 2024aihh,345.16257916666666,32.59366666666667,3.1414516064630584,60523.46270833333,-1.9140393518537167,https://www.wis-tns.org/object/2024aihh,https://ep.bao.ac.cn/ep/data_center/fxt_src_detail/240884,EPF_J230039.0+323534,FXT-TNS
EP240801a,SN 2024aihh,345.16257916666666,32.59366666666667,4.046582588420364,60523.46270833333,-2.7389699074046803,https://www.wis-tns.org/object/2024aihh,https://ep.bao.ac.cn/ep/data_center/fxt_src_detail/241627,EPF_J230039.1+323535,FXT-TNS
EP240801a,SN 2024aihh,345.16257916666666,32.59366666666667,4.566317604226066,60523.46270833333,-2.1089814814840793,https://www.wis-tns.org/object/2024aihh,https://ep.bao.ac.cn/ep/data_center/fxt_src_detail/241249,EPF_J230039.0+323532,FXT-TNS
EP240801a,SN 2024aihh,345.16257916666666,32.59366666666667,5.511254322577217,60523.46270833333,-1.9415740740732872,https://www.wis-tns.org/object/2024aihh,https://ep.bao.ac.cn/ep/data_center/fxt_src_detail/240965,EPF_J230039.1+323532,FXT-TNS
EP240801a,SN 2024aihh,345.16257916666666,32.59366666666667,6.662661532759223,60523.46270833333,-6.940474537041155,https://www.wis-tns.org/object/2024aihh,https://ep.bao.ac.cn/ep/data_center/fxt_src_detail/249854,EPF_J230038.4+323536,FXT-TNS
EP240801a,SN 2024aihh,345.16257916666666,32.59366666666667,6.7400408897550035,60523.46270833333,-7.058275462964957,https://www.wis-tns.org/object/2024aihh,https://ep.bao.ac.cn/ep/data_center/fxt_src_detail/250127,EPF_J230038.5+323536,FXT-TNS
EP240801a,SN 2024aihh,345.16257916666666,32.59366666666667,7.913290389402741,60523.46270833333,-2.9123263888905058,https://www.wis-tns.org/object/2024aihh,https://ep.bao.ac.cn/ep/data_center/fxt_src_detail/241859,EPF_J230039.2+323533,FXT-TNS
EP240801a,SN 2024aihh,345.16257916666666,32.59366666666667,8.555021463474086,60523.46270833333,-8.914212962961756,https://www.wis-tns.org/object/2024aihh,https://ep.bao.ac.cn/ep/data_center/fxt_src_detail/250730,EPF_J230039.5+323532,FXT-TNS
EP240801a,SN 2024aihh,345.16257916666666,32.59366666666667,10.423788131719483,60523.46270833333,-6.739513888889633,https://www.wis-tns.org/object/2024aihh,https://ep.bao.ac.cn/ep/data_center/fxt_src_detail/249364,EPF_J230038.9+323534,FXT-TNS
EP240801a,SN 2024aihh,345.16257916666666,32.59366666666667,10.465560627167896,60523.46270833333,-6.919432870374294,https://www.wis-tns.org/object/2024aihh,https://ep.bao.ac.cn/ep/data_center/fxt_src_detail/249820,EPF_J230038.3+323532,FXT-TNS
EP240801a,SN 2024aihh,345.16257916666666,32.59366666666667,116.44078306018233,60523.46270833333,0.3636689814811689,https://www.wis-tns.org/object/2024aihh,https://ep.bao.ac.cn/ep/data_center/stp_source_detail/220968/known,None,WXT-TNS
EP250919a,AT2025xzd,298.553417,-48.837917,15.809954730118177,60937.06243,-0.030139444,https://www.wis-tns.org/object/2025xzd,https://ep.bao.ac.cn/ep/data_center/stp_source_detail/431982/known,None,WXT-TNS
EP251020a,AT 2025adgo,74.2766875,-11.72803888888889,0.37884729620642266,60991.28392,0.40949870370241115,https://www.wis-tns.org/object/2025adgo,https://ep.bao.ac.cn/ep/data_center/fxt_src_detail/938762,EPF_J045706.4-114341,FXT-TNS
EP251020a,AT 2025adgo,74.2766875,-11.72803888888889,0.37884729620642266,60991.28392,0.5493366666705697,https://www.wis-tns.org/object/2025adgo,https://ep.bao.ac.cn/ep/data_center/fxt_src_detail/938741,EPF_J045706.4-114340,FXT-TNS
EP251020a,AT 2025adgo,74.2766875,-11.72803888888889,1.4545176240689413,60991.28392,-3.2837651851805276,https://www.wis-tns.org/object/2025adgo,https://ep.bao.ac.cn/ep/data_center/fxt_src_detail/940865,EPF_J045706.3-114342,FXT-TNS
EP251020a,AT 2025adgo,74.2766875,-11.72803888888889,2.1505350725326022,60991.28392,0.7994987037018291,https://www.wis-tns.org/object/2025adgo,https://ep.bao.ac.cn/ep/data_center/fxt_src_detail/938326,EPF_J045706.4-114342,FXT-TNS
EP251020a,AT 2025adgo,74.2766875,-11.72803888888889,2.5153509381219816,60991.28392,-5.513244351852336,https://www.wis-tns.org/object/2025adgo,https://ep.bao.ac.cn/ep/data_center/fxt_src_detail/942618,EPF_J045706.5-114340,FXT-TNS
EP251020a,AT 2025adgo,74.2766875,-11.72803888888889,2.521068832170987,60991.28392,-5.522017499999492,https://www.wis-tns.org/object/2025adgo,https://ep.bao.ac.cn/ep/data_center/fxt_src_detail/942658,EPF_J045706.6-114341,FXT-TNS
EP251020a,AT 2025adgo,74.2766875,-11.72803888888889,82.81467242571459,60991.28392,23.04834129630035,https://www.wis-tns.org/object/2025adgo,https://ep.bao.ac.cn/ep/data_center/stp_source_detail/468452/known,None,WXT-TNS
EP251020a,AT2025adgo,74.276687580598,-11.728039692194,0.3774076385542017,60991.28392,0.40949870370241115,https://www.wis-tns.org/object/2025adgo,https://ep.bao.ac.cn/ep/data_center/fxt_src_detail/938762,EPF_J045706.4-114341,FXT-TNS
EP251020a,AT2025adgo,74.276687580598,-11.728039692194,0.3774076385542017,60991.28392,0.5493366666705697,https://www.wis-tns.org/object/2025adgo,https://ep.bao.ac.cn/ep/data_center/fxt_src_detail/938741,EPF_J045706.4-114340,FXT-TNS
EP251020a,AT2025adgo,74.276687580598,-11.728039692194,1.4557808676992643,60991.28392,-3.2837651851805276,https://www.wis-tns.org/object/2025adgo,https://ep.bao.ac.cn/ep/data_center/fxt_src_detail/940865,EPF_J045706.3-114342,FXT-TNS
EP251020a,AT2025adgo,74.276687580598,-11.728039692194,2.1500305956901475,60991.28392,0.7994987037018291,https://www.wis-tns.org/object/2025adgo,https://ep.bao.ac.cn/ep/data_center/fxt_src_detail/938326,EPF_J045706.4-114342,FXT-TNS
EP251020a,AT2025adgo,74.276687580598,-11.728039692194,2.515229912933128,60991.28392,-5.513244351852336,https://www.wis-tns.org/object/2025adgo,https://ep.bao.ac.cn/ep/data_center/fxt_src_detail/942618,EPF_J045706.5-114340,FXT-TNS
EP251020a,AT2025adgo,74.276687580598,-11.728039692194,2.520535074784701,60991.28392,-5.522017499999492,https://www.wis-tns.org/object/2025adgo,https://ep.bao.ac.cn/ep/data_center/fxt_src_detail/942658,EPF_J045706.6-114341,FXT-TNS
EP251020a,AT2025adgo,74.276687580598,-11.728039692194,82.81228239204871,60991.28392,23.04834129630035,https://www.wis-tns.org/object/2025adgo,https://ep.bao.ac.cn/ep/data_center/stp_source_detail/468452/known,None,WXT-TNS
EP251023a,AT 2025abju,127.13421666666665,20.864308333333334,1.7708877265798386,60971.22596,-0.9120955555554247,https://www.wis-tns.org/object/2025abju,https://ep.bao.ac.cn/ep/data_center/fxt_src_detail/910698,EPF_J082832.3+205154,FXT-TNS
EP251023a,AT 2025abju,127.13421666666665,20.864308333333334,1.7708877265798386,60971.22596,-0.4212737962952815,https://www.wis-tns.org/object/2025abju,https://ep.bao.ac.cn/ep/data_center/fxt_src_detail/908497,EPF_J082832.3+205154,FXT-TNS
EP251023a,AT 2025abju,127.13421666666665,20.864308333333334,2.3815215863144323,60971.22596,-1.2460075925919227,https://www.wis-tns.org/object/2025abju,https://ep.bao.ac.cn/ep/data_center/fxt_src_detail/913406,EPF_J082832.1+205154,FXT-TNS
EP251023a,AT 2025abju,127.13421666666665,20.864308333333334,10.489502990653893,60971.22596,0.12663129629800096,https://www.wis-tns.org/object/2025abju,https://ep.bao.ac.cn/ep/data_center/stp_source_detail/472998/known,None,WXT-TNS
EP251023a,AT2025abju,127.134217,20.864308,1.772122955980695,60971.22596,-0.9120955555554247,https://www.wis-tns.org/object/2025abju,https://ep.bao.ac.cn/ep/data_center/fxt_src_detail/910698,EPF_J082832.3+205154,FXT-TNS
EP251023a,AT2025abju,127.134217,20.864308,2.3830964527478984,60971.22596,-1.2460075925919227,https://www.wis-tns.org/object/2025abju,https://ep.bao.ac.cn/ep/data_center/fxt_src_detail/913406,EPF_J082832.1+205154,FXT-TNS
EP251023a,AT2025abju,127.134217,20.864308,10.491025049230563,60971.22596,0.12663129629800096,https://www.wis-tns.org/object/2025abju,https://ep.bao.ac.cn/ep/data_center/stp_source_detail/472998/known,None,WXT-TNS
EPSV_sb25100211,AT2025zme,13.907542,-5.566944,0.937892185146598,60950.84781,-0.26296546296362067,https://www.wis-tns.org/object/2025zme,https://ep.bao.ac.cn/ep/data_center/fxt_src_detail/870828,EPF_J005537.9-053402,FXT-TNS
EPSV_sb25101311,AT 2025aahc,345.8356583333333,-0.2103638888888889,0.7072457081439113,60961.75725,-0.7922523148154141,https://www.wis-tns.org/object/2025aahc,https://ep.bao.ac.cn/ep/data_center/fxt_src_detail/891277,EPF_J230320.6-001238,FXT-TNS
EPSV_sb25101311,AT 2025aahc,345.8356583333333,-0.2103638888888889,0.7072457081439113,60961.75725,-0.3901689814811107,https://www.wis-tns.org/object/2025aahc,https://ep.bao.ac.cn/ep/data_center/fxt_src_detail/890735,EPF_J230320.6-001237,FXT-TNS
EPSV_sb25101311,AT 2025aahc,345.8356583333333,-0.2103638888888889,0.8755566256996279,60961.75725,-0.1863032407418359,https://www.wis-tns.org/object/2025aahc,https://ep.bao.ac.cn/ep/data_center/fxt_src_detail/890633,EPF_J230320.5-001237,FXT-TNS
EPSV_sb25101311,AT2025aahc,345.835659,-0.210363,0.7077432616730506,60961.75725,-0.7922523148154141,https://www.wis-tns.org/object/2025aahc,https://ep.bao.ac.cn/ep/data_center/fxt_src_detail/891277,EPF_J230320.6-001238,FXT-TNS
EPSV_sb25101311,AT2025aahc,345.835659,-0.210363,0.7077432616730506,60961.75725,-0.3901689814811107,https://www.wis-tns.org/object/2025aahc,https://ep.bao.ac.cn/ep/data_center/fxt_src_detail/890735,EPF_J230320.6-001237,FXT-TNS
EPSV_sb25101311,AT2025aahc,345.835659,-0.210363,0.8792402352100069,60961.75725,-0.1863032407418359,https://www.wis-tns.org/object/2025aahc,https://ep.bao.ac.cn/ep/data_center/fxt_src_detail/890633,EPF_J230320.5-001237,FXT-TNS
EPSV_sb25101311,AT2025aahc,345.83578890603,-0.21021234799664,1.0363170722052315,60961.75725,-0.7922523148154141,https://www.wis-tns.org/object/2025aahc,https://ep.bao.ac.cn/ep/data_center/fxt_src_detail/891277,EPF_J230320.6-001238,FXT-TNS
EPSV_sb25101311,AT2025aahc,345.83578890603,-0.21021234799664,1.0363170722052315,60961.75725,-0.3901689814811107,https://www.wis-tns.org/object/2025aahc,https://ep.bao.ac.cn/ep/data_center/fxt_src_detail/890735,EPF_J230320.6-001237,FXT-TNS
EPSV_sb25101311,AT2025aahc,345.83578890603,-0.21021234799664,1.5524270388977104,60961.75725,-0.1863032407418359,https://www.wis-tns.org/object/2025aahc,https://ep.bao.ac.cn/ep/data_center/fxt_src_detail/890633,EPF_J230320.5-001237,FXT-TNS
GRB 251002A,AT2025zme,13.907542,-5.566944,0.937892185146598,60950.84781,-0.846136759260844,https://www.wis-tns.org/object/2025zme,https://ep.bao.ac.cn/ep/data_center/fxt_src_detail/871740,EPF_J005537.9-053401,FXT-TNS
GRB 251002A,AT2025zme,13.907542,-5.566944,3.0808347383526353,60950.84781,-0.6234747222260921,https://www.wis-tns.org/object/2025zme,https://ep.bao.ac.cn/ep/data_center/fxt_src_detail/871392,EPF_J005538.0-053401,FXT-TNS
GRB 251002A,AT2025zme,13.907542,-5.566944,3.12510689053766,60950.84781,-1.3446437037055148,https://www.wis-tns.org/object/2025zme,https://ep.bao.ac.cn/ep/data_center/fxt_src_detail/871983,EPF_J005537.6-053409,FXT-TNS
GRB 251002A,AT2025zme,13.907542,-5.566944,4.164319970124001,60950.84781,-1.7365649999992456,https://www.wis-tns.org/object/2025zme,https://ep.bao.ac.cn/ep/data_center/fxt_src_detail/872839,EPF_J005538.2-053402,FXT-TNS
GRB 251002A,AT2025zme,13.907542,-5.566944,5.657908006028918,60950.84781,-1.6244700925963116,https://www.wis-tns.org/object/2025zme,https://ep.bao.ac.cn/ep/data_center/fxt_src_detail/872477,EPF_J005537.8-053405,FXT-TNS
GRB 251013C,AT 2025aahc,345.8356583333333,-0.2103638888888889,5.551484910109248,60961.75725,-3.861662037037604,https://www.wis-tns.org/object/2025aahc,https://ep.bao.ac.cn/ep/data_center/fxt_src_detail/896094,EPF_J230320.9-001237,FXT-TNS
GRB 251013C,AT 2025aahc,345.8356583333333,-0.2103638888888889,6.9937358800600204,60961.75725,-4.561210648142151,https://www.wis-tns.org/object/2025aahc,https://ep.bao.ac.cn/ep/data_center/fxt_src_detail/896887,EPF_J230321.0-001237,FXT-TNS
GRB 251013C,AT 2025aahc,345.8356583333333,-0.2103638888888889,125.37067065063023,60961.75725,-0.06173148148081964,https://www.wis-tns.org/object/2025aahc,https://ep.bao.ac.cn/ep/data_center/stp_source_detail/460413/known,None,WXT-TNS
GRB 251013C,AT2025aahc,345.835659,-0.210363,5.549161474116217,60961.75725,-3.861662037037604,https://www.wis-tns.org/object/2025aahc,https://ep.bao.ac.cn/ep/data_center/fxt_src_detail/896094,EPF_J230320.9-001237,FXT-TNS
GRB 251013C,AT2025aahc,345.835659,-0.210363,125.37312828078787,60961.75725,-0.06173148148081964,https://www.wis-tns.org/object/2025aahc,https://ep.bao.ac.cn/ep/data_center/stp_source_detail/460413/known,None,WXT-TNS
GRB 251013C,AT2025aahc,345.83578890603,-0.21021234799664,125.77507508576332,60961.75725,-0.06173148148081964,https://www.wis-tns.org/object/2025aahc,https://ep.bao.ac.cn/ep/data_center/stp_source_detail/460413/known,None,WXT-TNS
GRB 251013C:,AT 2025aahc,345.8356583333333,-0.2103638888888889,2.074073202954694,60961.75725,-1.9383287036980619,https://www.wis-tns.org/object/2025aahc,https://ep.bao.ac.cn/ep/data_center/fxt_src_detail/893991,EPF_J230320.5-001235,FXT-TNS
GRB 251013C:,AT 2025aahc,345.8356583333333,-0.2103638888888889,2.074073202954694,60961.75725,-0.8533749999987776,https://www.wis-tns.org/object/2025aahc,https://ep.bao.ac.cn/ep/data_center/fxt_src_detail/891388,EPF_J230320.6-001236,FXT-TNS
GRB 251013C:,AT2025aahc,345.835659,-0.210363,2.070073363469482,60961.75725,-1.9383287036980619,https://www.wis-tns.org/object/2025aahc,https://ep.bao.ac.cn/ep/data_center/fxt_src_detail/893991,EPF_J230320.5-001235,FXT-TNS
GRB 251013C:,AT2025aahc,345.835659,-0.210363,2.070073363469482,60961.75725,-0.8533749999987776,https://www.wis-tns.org/object/2025aahc,https://ep.bao.ac.cn/ep/data_center/fxt_src_detail/891388,EPF_J230320.6-001236,FXT-TNS
GRB 251013C:,AT2025aahc,345.83578890603,-0.21021234799664,1.357163408629184,60961.75725,-0.8533749999987776,https://www.wis-tns.org/object/2025aahc,https://ep.bao.ac.cn/ep/data_center/fxt_src_detail/891388,EPF_J230320.6-001236,FXT-TNS
J094622.8-202714,AT2025ahlz,146.394864,-20.608272,4.580806488586687,61023.639,5.89299305556051,https://www.wis-tns.org/object/2025ahlz,https://ep.bao.ac.cn/ep/data_center/fxt_src_detail/971436,EPF_J094534.6-203627,FXT-TNS
M31,AT2025ahch,10.5849169,41.2391126,17.276797365887134,61025.52796,27.303480833332287,https://www.wis-tns.org/object/2025ahch,https://ep.bao.ac.cn/ep/data_center/fxt_src_detail/944026,EPF_J004218.5+411403,FXT-TNS
M31,AT2025ahch,10.5849169,41.2391126,17.276797365887134,61025.52796,29.62373546296294,https://www.wis-tns.org/object/2025ahch,https://ep.bao.ac.cn/ep/data_center/fxt_src_detail/941899,EPF_J004219.1+411412,FXT-TNS
PM J02028+0447,AT 2025aclm,30.68979166666666,4.753263888888889,120.19616337572698,60966.727,2.317648148149601,https://www.wis-tns.org/object/2025aclm,https://ep.bao.ac.cn/ep/data_center/stp_source_detail/463554/known,None,WXT-TNS
PerseusOuter-12,ZTF22abrnxww,49.091454000000006,42.9899673,2.4328505992147766,60973.28307869984,3.986562496131228,https://alerce.online/object/ZTF22abrnxww,https://ep.bao.ac.cn/ep/data_center/fxt_src_detail/902992,EPF_J031622.0+425921,FXT-ZTF
PerseusOuter-12,ZTF22abrnxww,49.091454000000006,42.9899673,5.470054385135401,60973.28307869984,11.15907407020859,https://alerce.online/object/ZTF22abrnxww,https://ep.bao.ac.cn/ep/data_center/fxt_src_detail/890681,EPF_J031622.2+425919,FXT-ZTF
PerseusOuter-12,ZTF22abrnxww,49.091454000000006,42.9899673,13.033736156519058,60973.28307869984,1.6246990702056792,https://alerce.online/object/ZTF22abrnxww,https://ep.bao.ac.cn/ep/data_center/fxt_src_detail/908623,EPF_J031621.7+425920,FXT-ZTF
PerseusOuter-12,ZTF22abrnxww,49.091454000000006,42.9899673,14.93908515860083,60973.28307869984,1.0519097183569102,https://alerce.online/object/ZTF22abrnxww,https://ep.bao.ac.cn/ep/data_center/fxt_src_detail/911515,EPF_J031621.8+425920,FXT-ZTF
WXT J001930+023547,AT2025ahgr,4.882792,2.635122,140.99901329054185,61021.551,11.187990740741952,https://www.wis-tns.org/object/2025ahgr,https://ep.bao.ac.cn/ep/data_center/stp_source_detail/522831/known,None,WXT-TNS
WXT J015659+012448,AT2025aalm,29.272875,1.436197,133.4815119627969,60959.717,-0.1741342592649744,https://www.wis-tns.org/object/2025aalm,https://ep.bao.ac.cn/ep/data_center/stp_source_detail/458193/known,None,WXT-TNS
WXT J023252+105944,AT 2025advj,38.20649999999999,10.996058333333332,37.666595478675205,60993.9712,2.3846374999993714,https://www.wis-tns.org/object/2025advj,https://ep.bao.ac.cn/ep/data_center/stp_source_detail/502882/known,None,WXT-TNS
WXT J023252+105944,AT2025advj,38.206502,10.996058,37.65949964881238,60993.9712,2.3846374999993714,https://www.wis-tns.org/object/2025advj,https://ep.bao.ac.cn/ep/data_center/stp_source_detail/502882/known,None,WXT-TNS
WXT J045657825357,ZTF23aabzdvf,74.11746474962706,82.93157265,127.80339824213151,61029.283472199924,28.145937477704138,https://alerce.online/object/ZTF23aabzdvf,https://ep.bao.ac.cn/ep/data_center/stp_source_detail/511836/known,None,WXT-ZTF
WXT J045710-114444,AT 2025adgo,74.2766875,-11.72803888888889,2.154401069010197,60991.28392,6.541790370371018,https://www.wis-tns.org/object/2025adgo,https://ep.bao.ac.cn/ep/data_center/fxt_src_detail/932772,EPF_J045706.4-114343,FXT-TNS
WXT J045710-114444,AT 2025adgo,74.2766875,-11.72803888888889,2.154401069010197,60991.28392,6.646257962966047,https://www.wis-tns.org/object/2025adgo,https://ep.bao.ac.cn/ep/data_center/fxt_src_detail/932737,EPF_J045706.5-114343,FXT-TNS
WXT J045710-114444,AT2025adgo,74.276687580598,-11.728039692194,2.1515909341659247,60991.28392,6.541790370371018,https://www.wis-tns.org/object/2025adgo,https://ep.bao.ac.cn/ep/data_center/fxt_src_detail/932772,EPF_J045706.4-114343,FXT-TNS
WXT J045710-114444,AT2025adgo,74.276687580598,-11.728039692194,2.1515909341659247,60991.28392,6.646257962966047,https://www.wis-tns.org/object/2025adgo,https://ep.bao.ac.cn/ep/data_center/fxt_src_detail/932737,EPF_J045706.5-114343,FXT-TNS
WXT J101434294337,ZTF18aczwurl,106.1503076,17.5438074,89.4311758081018,61031.29657409992,0.41060187770199263,https://alerce.online/object/ZTF18aczwurl,https://ep.bao.ac.cn/ep/data_center/stp_source_detail/551397/known,None,WXT-ZTF
WXT J105542+044344,AT2025afma,163.931917,4.671419,207.9021500593219,61007.945,-4.509768518517376,https://www.wis-tns.org/object/2025afma,https://ep.bao.ac.cn/ep/data_center/stp_source_detail/524814/known,None,WXT-TNS
ZTF25acigfga,ZTF25acigfga,26.3995815,12.581763500000001,4.010670061212393,61026.22028939985,-1.8080439334880793,https://alerce.online/object/ZTF25acigfga,https://ep.bao.ac.cn/ep/data_center/fxt_src_detail/987846,EPF_J014536.0+123458,FXT-ZTF
blanksky3,AT 2025admr,344.4384208333333,-9.013166666666667,3.274085905671189,60993.01613,17.903965648154553,https://www.wis-tns.org/object/2025admr,https://ep.bao.ac.cn/ep/data_center/fxt_src_detail/917053,EPF_J225745.2-090046,FXT-TNS
blanksky3,AT 2025admr,344.4384208333333,-9.013166666666667,3.9105674639296435,60993.01613,16.814926296297926,https://www.wis-tns.org/object/2025admr,https://ep.bao.ac.cn/ep/data_center/fxt_src_detail/919114,EPF_J225745.4-090044,FXT-TNS
blanksky3,AT 2025admr,344.4384208333333,-9.013166666666667,6.973247442872606,60993.01613,18.322970277782588,https://www.wis-tns.org/object/2025admr,https://ep.bao.ac.cn/ep/data_center/fxt_src_detail/916703,EPF_J225745.2-090054,FXT-TNS
blanksky3,AT2025admr,344.43842103305,-9.0131653545721,3.269369474283992,60993.01613,17.903965648154553,https://www.wis-tns.org/object/2025admr,https://ep.bao.ac.cn/ep/data_center/fxt_src_detail/917053,EPF_J225745.2-090046,FXT-TNS
blanksky3,AT2025admr,344.43842103305,-9.0131653545721,3.90673166418799,60993.01613,16.814926296297926,https://www.wis-tns.org/object/2025admr,https://ep.bao.ac.cn/ep/data_center/fxt_src_detail/919114,EPF_J225745.4-090044,FXT-TNS
blanksky3,AT2025admr,344.43842103305,-9.0131653545721,6.97800577220344,60993.01613,18.322970277782588,https://www.wis-tns.org/object/2025admr,https://ep.bao.ac.cn/ep/data_center/fxt_src_detail/916703,EPF_J225745.2-090054,FXT-TNS
eRASSt_J050407-470126,AT2025zby,75.389749909711,-47.087819710564,0.9598681764792828,60947.29447,-1.356629537032859,https://www.wis-tns.org/object/2025zby,https://ep.bao.ac.cn/ep/data_center/fxt_src_detail/866827,EPF_J050133.1-470508,FXT-TNS
eRASSt_J050407-470126,AT2025zby,75.389749909711,-47.087819710564,0.9598681764792828,60947.29447,-1.3436087037043762,https://www.wis-tns.org/object/2025zby,https://ep.bao.ac.cn/ep/data_center/fxt_src_detail/866662,EPF_J050133.5-470516,FXT-TNS
eRASSt_J050407-470126,AT2025zby,75.389749909711,-47.087819710564,16.958601774115117,60947.29447,-4.161999907410063,https://www.wis-tns.org/object/2025zby,https://ep.bao.ac.cn/ep/data_center/fxt_src_detail/871346,EPF_J050134.0-470460,FXT-TNS
eRASSt_J050407-470126,AT2025zby,75.38974991,-47.08781971,0.9598681764792828,60947.29447,-1.356629537,https://www.wis-tns.org/object/2025zby,https://ep.bao.ac.cn/ep/data_center/fxt_src_detail/866827,EPF_J050133.1-470508,FXT-TNS
eRASSt_J050407-470126,AT2025zby,75.38974991,-47.08781971,0.9598681764792828,60947.29447,-1.343608704,https://www.wis-tns.org/object/2025zby,https://ep.bao.ac.cn/ep/data_center/fxt_src_detail/866662,EPF_J050133.5-470516,FXT-TNS
unknown,SN 2024aihh,345.16257916666666,32.59366666666667,3.180110802353134,60523.46270833333,-0.056076388886140194,https://www.wis-tns.org/object/2024aihh,https://ep.bao.ac.cn/ep/data_center/fxt_src_detail/238925,EPF_J230039.1+323533,FXT-TNS
unknown,ZTF20acxcyjb,28.2678895,44.761198666666665,9.013088073542733,61015.29768519988,6.13839121840283,https://lasair-ztf.lsst.ac.uk/objects/ZTF20acxcyjb,https://ep.bao.ac.cn/ep/data_center/fxt_src_detail/960200,EPF_J015304.9+444546,FXT-ZTF
unknown,ZTF25abtqfcr,0.43941059999944265,13.4667375,5.189466213053642,60938.307974500116,11.421203666781366,https://alerce.online/object/ZTF25abtqfcr,https://ep.bao.ac.cn/ep/data_center/fxt_src_detail/827263,EPF_J000145.4+132755,FXT-ZTF
unknown,ZTF25abtqfcr,0.43941059999944265,13.4667375,7.461518152207468,60938.307974500116,11.503032370485016,https://alerce.online/object/ZTF25abtqfcr,https://ep.bao.ac.cn/ep/data_center/fxt_src_detail/827139,EPF_J000145.4+132808,FXT-ZTF
unknown,ZTF25acigfga,26.3995815,12.581763500000001,3.702411695428002,61026.22028939985,5.980451436887961,https://alerce.online/object/ZTF25acigfga,https://ep.bao.ac.cn/ep/data_center/fxt_src_detail/975838,EPF_J014535.7+123452,FXT-ZTF
